{
  "value_space": {
    "rgb": "raw uint8-like pixel values (0-255)",
    "landsat": "raw GeoTIFF band values"
  },
  "counts": {
    "processed": 1000,
    "skipped": 0
  },
  "rgb": {
    "mean": [
      0.40085673332214355,
      0.40085864067077637,
      0.4008581340312958
    ],
    "std": [
      0.24469909071922302,
      0.24470292031764984,
      0.24470362067222595
    ]
  },
  "landsat": {
    "mean": [
      0.13424856960773468,
      0.13424883782863617,
      0.13424663245677948,
      0.13424786925315857,
      0.1342475265264511,
      0.13424794375896454
    ],
    "std": [
      0.09710279107093811,
      0.09710955619812012,
      0.09709629416465759,
      0.09710156172513962,
      0.09710030257701874,
      0.09709683060646057
    ]
  }
}