{
  "value_space": {
    "rgb": "raw uint8-like pixel values (0-255)",
    "landsat": "raw GeoTIFF band values"
  },
  "counts": {
    "processed": 141696,
    "skipped": 0
  },
  "rgb": {
    "mean": [
      0.40803420543670654,
      0.4080352485179901,
      0.40803465247154236
    ],
    "std": [
      0.24713367223739624,
      0.2471342533826828,
      0.24713446199893951
    ]
  },
  "landsat": {
    "mean": [
      0.13305102288722992,
      0.13305220007896423,
      0.1330517679452896,
      0.1330515295267105,
      0.13305062055587769,
      0.13305097818374634
    ],
    "std": [
      0.09552819281816483,
      0.09552797675132751,
      0.09552785754203796,
      0.09552819281816483,
      0.09552841633558273,
      0.09552773088216782
    ]
  }
}