lr-Adam,lr-Adam-1,step
2.0000000000000003e-06,1.0000000000000002e-06,0
